{"cameraMode":{"drawMode":0,"name":"Shaded","section":"Shading Mode"},"sceneLighting":false,"audioPlay":false,"sceneViewState":{"showFog":true,"showMaterialUpdate":false,"showSkybox":false,"showFlares":true,"showImageEffects":true,"showParticleSystems":true},"in2DMode":false,"pivot":{"x":0.00013333559036254883,"y":0.17274758219718934,"z":0.006297385320067406},"rotation":{"x":-0.19433031976222993,"y":-0.4500507414340973,"z":0.10102218389511109,"w":-0.8657293319702148},"size":0.7890875935554504,"orthographic":false}