{"cameraMode":{"drawMode":0,"name":"Shaded","section":"Shading Mode"},"sceneLighting":false,"audioPlay":false,"sceneViewState":{"showFog":true,"showMaterialUpdate":false,"showSkybox":false,"showFlares":true,"showImageEffects":true,"showParticleSystems":true},"in2DMode":false,"pivot":{"x":0.00006666779518127441,"y":0.09998037666082382,"z":0.003148692660033703},"rotation":{"x":0.09018369764089585,"y":-0.008654310368001461,"z":0.0007838068995624781,"w":0.995891273021698},"size":0.4281233847141266,"orthographic":false}